id,favorite_count,retweet_count,created_at
711958971553165313,1,1,Mon Mar 21 16:53:41 +0000 2016
711882534146023424,2,0,Mon Mar 21 11:49:56 +0000 2016
711957544260907008,2,0,Mon Mar 21 16:48:00 +0000 2016
711960615749681154,0,0,Mon Mar 21 17:00:13 +0000 2016
711956277778186240,2,3,Mon Mar 21 16:42:58 +0000 2016
711950687995863041,0,0,Mon Mar 21 16:20:46 +0000 2016
711952640561717251,5,2,Mon Mar 21 16:28:31 +0000 2016
711948126244851712,2,1,Mon Mar 21 16:10:35 +0000 2016
711954210351222784,4,1,Mon Mar 21 16:34:45 +0000 2016
711957120300679168,8,4,Mon Mar 21 16:46:19 +0000 2016
711959611222269952,1,0,Mon Mar 21 16:56:13 +0000 2016
711960714865303552,1,0,Mon Mar 21 17:00:36 +0000 2016
711954722693849090,1,7,Mon Mar 21 16:36:48 +0000 2016
711948541904596992,1,0,Mon Mar 21 16:12:14 +0000 2016
711959454036561921,0,2,Mon Mar 21 16:55:36 +0000 2016
711960015691624452,0,3,Mon Mar 21 16:57:49 +0000 2016
711957013031362560,1,1,Mon Mar 21 16:45:54 +0000 2016
711957177225732096,1,0,Mon Mar 21 16:46:33 +0000 2016
711945649814568960,0,0,Mon Mar 21 16:00:44 +0000 2016
711947096518053888,8,10,Mon Mar 21 16:06:29 +0000 2016
711960415488446464,0,0,Mon Mar 21 16:59:25 +0000 2016
711952155435868160,1,3,Mon Mar 21 16:26:35 +0000 2016
711925923965063168,0,0,Mon Mar 21 14:42:21 +0000 2016
711950719905964033,1,0,Mon Mar 21 16:20:53 +0000 2016
711959170434490369,0,0,Mon Mar 21 16:54:28 +0000 2016
711958051666788352,1,1,Mon Mar 21 16:50:01 +0000 2016
711960548456267777,0,0,Mon Mar 21 16:59:56 +0000 2016
711960551740411904,5,0,Mon Mar 21 16:59:57 +0000 2016
711947213891457025,3,3,Mon Mar 21 16:06:57 +0000 2016
711945378774405120,1,0,Mon Mar 21 15:59:40 +0000 2016
711949742020820992,2,0,Mon Mar 21 16:17:00 +0000 2016
711953724571127808,0,1,Mon Mar 21 16:32:50 +0000 2016
711953495104991232,2,0,Mon Mar 21 16:31:55 +0000 2016
711949550248812544,0,1,Mon Mar 21 16:16:14 +0000 2016
711952952492097536,0,0,Mon Mar 21 16:29:45 +0000 2016
711951702153306113,3,1,Mon Mar 21 16:24:47 +0000 2016
711956487166267392,2,3,Mon Mar 21 16:43:48 +0000 2016
711958242939678720,2,0,Mon Mar 21 16:50:47 +0000 2016
711947975543496704,4,3,Mon Mar 21 16:09:59 +0000 2016
711954533396586497,3,2,Mon Mar 21 16:36:02 +0000 2016
711955486308839426,3,4,Mon Mar 21 16:39:50 +0000 2016
711947049378275328,1,0,Mon Mar 21 16:06:18 +0000 2016
711951174736318464,2,0,Mon Mar 21 16:22:42 +0000 2016
711926351004090368,0,1,Mon Mar 21 14:44:03 +0000 2016
711957718580355072,0,0,Mon Mar 21 16:48:42 +0000 2016
711947138477854724,2,5,Mon Mar 21 16:06:39 +0000 2016
711954047876472832,12,5,Mon Mar 21 16:34:07 +0000 2016
711948249611968512,13,1,Mon Mar 21 16:11:04 +0000 2016
711883201212329984,0,0,Mon Mar 21 11:52:35 +0000 2016
711923976042188800,2,0,Mon Mar 21 14:34:37 +0000 2016
711951991115624448,2,0,Mon Mar 21 16:25:56 +0000 2016
711955592374411264,1,1,Mon Mar 21 16:40:15 +0000 2016
711951460494213121,11,1,Mon Mar 21 16:23:50 +0000 2016
711947178676097024,1,0,Mon Mar 21 16:06:49 +0000 2016
711961689537708033,6,1,Mon Mar 21 17:04:29 +0000 2016
711947415071248385,2,0,Mon Mar 21 16:07:45 +0000 2016
711955462736904194,0,0,Mon Mar 21 16:39:44 +0000 2016
711912840110678016,0,0,Mon Mar 21 13:50:22 +0000 2016
711883107515826176,7,0,Mon Mar 21 11:52:13 +0000 2016
711950087295860736,3,2,Mon Mar 21 16:18:22 +0000 2016
711950116081442816,2,0,Mon Mar 21 16:18:29 +0000 2016
711949364365627393,1,1,Mon Mar 21 16:15:30 +0000 2016
711953590630264832,1,0,Mon Mar 21 16:32:18 +0000 2016
711957285325512705,2,2,Mon Mar 21 16:46:59 +0000 2016
711923259906719744,0,0,Mon Mar 21 14:31:46 +0000 2016
711953691872366592,0,0,Mon Mar 21 16:32:42 +0000 2016
711953829319680000,13,1,Mon Mar 21 16:33:15 +0000 2016
711951387928567812,0,0,Mon Mar 21 16:23:32 +0000 2016
711960409511559169,0,0,Mon Mar 21 16:59:23 +0000 2016
711962006178279424,1,0,Mon Mar 21 17:05:44 +0000 2016
711951246018682881,0,0,Mon Mar 21 16:22:59 +0000 2016
711951837088223232,1,0,Mon Mar 21 16:25:20 +0000 2016
711957019645743107,0,0,Mon Mar 21 16:45:55 +0000 2016
711960623253295104,0,0,Mon Mar 21 17:00:14 +0000 2016
711961016314126336,3,4,Mon Mar 21 17:01:48 +0000 2016
711958796956880896,0,0,Mon Mar 21 16:52:59 +0000 2016
711955009080930304,2,0,Mon Mar 21 16:37:56 +0000 2016
711961025935855617,3,2,Mon Mar 21 17:01:50 +0000 2016
711954359760715776,5,2,Mon Mar 21 16:35:21 +0000 2016
711905254455910400,1,1,Mon Mar 21 13:20:13 +0000 2016
711950274366078976,3,2,Mon Mar 21 16:19:07 +0000 2016
711956942990643201,3,0,Mon Mar 21 16:45:37 +0000 2016
711953838618447872,0,1,Mon Mar 21 16:33:17 +0000 2016
711952680210407425,0,0,Mon Mar 21 16:28:41 +0000 2016
711947394921971712,0,0,Mon Mar 21 16:07:40 +0000 2016
711946250434654212,0,0,Mon Mar 21 16:03:08 +0000 2016
711957153787973632,0,0,Mon Mar 21 16:46:27 +0000 2016
711948896839204864,2,0,Mon Mar 21 16:13:39 +0000 2016
711954856978690050,6,4,Mon Mar 21 16:37:20 +0000 2016
711961696223383552,2,0,Mon Mar 21 17:04:30 +0000 2016
711949873285693440,5,0,Mon Mar 21 16:17:31 +0000 2016
711961527645908992,3,1,Mon Mar 21 17:03:50 +0000 2016
711946307934392320,0,0,Mon Mar 21 16:03:21 +0000 2016
711951836790456320,2,1,Mon Mar 21 16:25:19 +0000 2016
711951743899140096,3,4,Mon Mar 21 16:24:57 +0000 2016
711958728161906688,0,0,Mon Mar 21 16:52:43 +0000 2016
711962105058988032,2,0,Mon Mar 21 17:06:08 +0000 2016
711991921741209602,10,2,Mon Mar 21 19:04:36 +0000 2016
711985833851506689,1,0,Mon Mar 21 18:40:25 +0000 2016
711988555698950145,1,0,Mon Mar 21 18:51:14 +0000 2016
711987511296274432,4,2,Mon Mar 21 18:47:05 +0000 2016
711965665477787649,1,0,Mon Mar 21 17:20:16 +0000 2016
711986988996534272,0,0,Mon Mar 21 18:45:00 +0000 2016
711963071833448448,3,0,Mon Mar 21 17:09:58 +0000 2016
711988735227744256,1,0,Mon Mar 21 18:51:57 +0000 2016
711992813387288576,3,0,Mon Mar 21 19:08:09 +0000 2016
711962503178129409,2,0,Mon Mar 21 17:07:43 +0000 2016
711987540362801152,0,1,Mon Mar 21 18:47:12 +0000 2016
711967626793095173,0,0,Mon Mar 21 17:28:04 +0000 2016
711986383510835200,7,3,Mon Mar 21 18:42:36 +0000 2016
711985473934139392,9,0,Mon Mar 21 18:38:59 +0000 2016
711990811102044160,6,1,Mon Mar 21 19:00:12 +0000 2016
711962452640923648,5,1,Mon Mar 21 17:07:30 +0000 2016
711964361481269248,2,0,Mon Mar 21 17:15:06 +0000 2016
711965978100248576,3,0,Mon Mar 21 17:21:31 +0000 2016
711962442318807040,10,5,Mon Mar 21 17:07:28 +0000 2016
711991519029297153,4,1,Mon Mar 21 19:03:00 +0000 2016
711974520957984770,1,0,Mon Mar 21 17:55:28 +0000 2016
711992302428758016,2,3,Mon Mar 21 19:06:07 +0000 2016
711964056618336262,1,0,Mon Mar 21 17:13:53 +0000 2016
711990270896672768,2,0,Mon Mar 21 18:58:03 +0000 2016
711987595417411584,3,1,Mon Mar 21 18:47:25 +0000 2016
711963014866415616,3,2,Mon Mar 21 17:09:45 +0000 2016
711969135983403008,1,0,Mon Mar 21 17:34:04 +0000 2016
711962334206386178,1,1,Mon Mar 21 17:07:02 +0000 2016
711989289500868608,1,1,Mon Mar 21 18:54:09 +0000 2016
711985739760738306,2,0,Mon Mar 21 18:40:03 +0000 2016
711991689116852225,5,0,Mon Mar 21 19:03:41 +0000 2016
711966962796994560,5,1,Mon Mar 21 17:25:26 +0000 2016
711967299326967809,0,0,Mon Mar 21 17:26:46 +0000 2016
711991030589947904,3,0,Mon Mar 21 19:01:04 +0000 2016
711964712821334016,0,0,Mon Mar 21 17:16:29 +0000 2016
711969804270247936,1,0,Mon Mar 21 17:36:43 +0000 2016
711963429926350848,0,0,Mon Mar 21 17:11:23 +0000 2016
711986838487982080,2,0,Mon Mar 21 18:44:25 +0000 2016
711970565171482625,0,0,Mon Mar 21 17:39:45 +0000 2016
711964719846821889,0,0,Mon Mar 21 17:16:31 +0000 2016
711979281090412546,0,1,Mon Mar 21 18:14:23 +0000 2016
711980873218920449,0,0,Mon Mar 21 18:20:42 +0000 2016
711967748901842948,2,0,Mon Mar 21 17:28:33 +0000 2016
711964048703643648,3,1,Mon Mar 21 17:13:51 +0000 2016
711989917954355200,0,0,Mon Mar 21 18:56:39 +0000 2016
711965431444078592,0,0,Mon Mar 21 17:19:21 +0000 2016
711985401250983936,1,0,Mon Mar 21 18:38:42 +0000 2016
711968989279170564,1,0,Mon Mar 21 17:33:29 +0000 2016
711987849415921664,1,0,Mon Mar 21 18:48:26 +0000 2016
711968320468037633,0,0,Mon Mar 21 17:30:49 +0000 2016
711986848315232256,3,1,Mon Mar 21 18:44:27 +0000 2016
711986806519017472,0,1,Mon Mar 21 18:44:17 +0000 2016
711973647217352705,3,1,Mon Mar 21 17:51:59 +0000 2016
711963516844908546,2,0,Mon Mar 21 17:11:44 +0000 2016
711970986061484033,0,1,Mon Mar 21 17:41:25 +0000 2016
711990551734722560,1,0,Mon Mar 21 18:59:10 +0000 2016
711990554154954752,0,0,Mon Mar 21 18:59:10 +0000 2016
711963170349289473,4,0,Mon Mar 21 17:10:22 +0000 2016
711987900666109952,4,4,Mon Mar 21 18:48:38 +0000 2016
711968566015356933,9,3,Mon Mar 21 17:31:48 +0000 2016
711986672712323074,0,0,Mon Mar 21 18:43:45 +0000 2016
711967840341872640,1,0,Mon Mar 21 17:28:55 +0000 2016
711967228980109313,6,4,Mon Mar 21 17:26:29 +0000 2016
711970488528936961,6,0,Mon Mar 21 17:39:26 +0000 2016
711983563764203520,3,0,Mon Mar 21 18:31:24 +0000 2016
711962557234319360,3,0,Mon Mar 21 17:07:55 +0000 2016
711969362228305920,4,1,Mon Mar 21 17:34:58 +0000 2016
711962339524747264,0,0,Mon Mar 21 17:07:04 +0000 2016
711982821087129600,1,0,Mon Mar 21 18:28:27 +0000 2016
711964913346879488,1,0,Mon Mar 21 17:17:17 +0000 2016
711963466404245504,2,0,Mon Mar 21 17:11:32 +0000 2016
711987000404914177,4,1,Mon Mar 21 18:45:03 +0000 2016
711980513062293504,0,0,Mon Mar 21 18:19:16 +0000 2016
711967619071418369,5,0,Mon Mar 21 17:28:02 +0000 2016
711962162902634498,7,0,Mon Mar 21 17:06:21 +0000 2016
711984373042511872,3,1,Mon Mar 21 18:34:37 +0000 2016
711979591032643585,3,0,Mon Mar 21 18:15:37 +0000 2016
711986826244820992,0,0,Mon Mar 21 18:44:22 +0000 2016
711963192834961408,5,3,Mon Mar 21 17:10:27 +0000 2016
711963702786785280,1,0,Mon Mar 21 17:12:29 +0000 2016
711971088532508672,2,2,Mon Mar 21 17:41:49 +0000 2016
711968303246237696,1,0,Mon Mar 21 17:30:45 +0000 2016
711973865316962304,7,1,Mon Mar 21 17:52:51 +0000 2016
711968566044717058,1,0,Mon Mar 21 17:31:48 +0000 2016
711976555149266945,4,0,Mon Mar 21 18:03:33 +0000 2016
711970879811366912,2,0,Mon Mar 21 17:41:00 +0000 2016
711989995754508289,12,8,Mon Mar 21 18:56:57 +0000 2016
711989231212560384,2,2,Mon Mar 21 18:53:55 +0000 2016
711992439091757056,1,0,Mon Mar 21 19:06:40 +0000 2016
711965165185437696,6,2,Mon Mar 21 17:18:17 +0000 2016
711986406558597120,2,0,Mon Mar 21 18:42:42 +0000 2016
711991785824714752,2,0,Mon Mar 21 19:04:04 +0000 2016
711970364985892864,4,0,Mon Mar 21 17:38:57 +0000 2016
711987158802825216,2,1,Mon Mar 21 18:45:41 +0000 2016
711968347416453123,4,0,Mon Mar 21 17:30:56 +0000 2016
711968618959908867,2,0,Mon Mar 21 17:32:01 +0000 2016
711984610549243904,7,1,Mon Mar 21 18:35:33 +0000 2016
711987472255754240,4,0,Mon Mar 21 18:46:56 +0000 2016
712038522593669120,1,1,Mon Mar 21 22:09:47 +0000 2016
712060858398998528,0,0,Mon Mar 21 23:38:32 +0000 2016
712308580808921088,5,1,Tue Mar 22 16:02:54 +0000 2016
712032361656000512,0,0,Mon Mar 21 21:45:18 +0000 2016
712072561568276481,2,0,Tue Mar 22 00:25:03 +0000 2016
712008191815454722,2,0,Mon Mar 21 20:09:16 +0000 2016
711993100890087424,5,0,Mon Mar 21 19:09:18 +0000 2016
712035643313020932,0,0,Mon Mar 21 21:58:21 +0000 2016
712028768940896256,3,2,Mon Mar 21 21:31:02 +0000 2016
711994362796769280,2,0,Mon Mar 21 19:14:18 +0000 2016
712305576693248001,3,2,Tue Mar 22 15:50:58 +0000 2016
712029186035027968,1,0,Mon Mar 21 21:32:41 +0000 2016
712101889463033856,11,2,Tue Mar 22 02:21:35 +0000 2016
712026711668297728,0,0,Mon Mar 21 21:22:51 +0000 2016
712033313381335040,2,0,Mon Mar 21 21:49:05 +0000 2016
712026232599121920,1,0,Mon Mar 21 21:20:57 +0000 2016
712178510291476480,0,0,Tue Mar 22 07:26:03 +0000 2016
712308842751610882,1,1,Tue Mar 22 16:03:56 +0000 2016
712028923664539648,0,0,Mon Mar 21 21:31:38 +0000 2016
712023219453038593,3,0,Mon Mar 21 21:08:58 +0000 2016
712023412743364610,1,1,Mon Mar 21 21:09:45 +0000 2016
712076964937355264,3,0,Tue Mar 22 00:42:32 +0000 2016
712031781965467648,5,3,Mon Mar 21 21:43:00 +0000 2016
712069384651481088,1,0,Tue Mar 22 00:12:25 +0000 2016
712181280033476608,0,0,Tue Mar 22 07:37:03 +0000 2016
712071546198568960,2,1,Tue Mar 22 00:21:00 +0000 2016
711997286792847360,7,1,Mon Mar 21 19:25:56 +0000 2016
712013394480476160,1,1,Mon Mar 21 20:29:56 +0000 2016
712078641262239744,0,0,Tue Mar 22 00:49:12 +0000 2016
712079566597070848,1,0,Tue Mar 22 00:52:53 +0000 2016
712077961944391680,2,0,Tue Mar 22 00:46:30 +0000 2016
712032834073055232,3,1,Mon Mar 21 21:47:11 +0000 2016
711993589195210753,0,0,Mon Mar 21 19:11:14 +0000 2016
711995162755354624,2,1,Mon Mar 21 19:17:29 +0000 2016
712076868069896192,2,0,Tue Mar 22 00:42:09 +0000 2016
712035116785278977,0,0,Mon Mar 21 21:56:15 +0000 2016
712004393067892736,0,0,Mon Mar 21 19:54:10 +0000 2016
711994014489153537,6,3,Mon Mar 21 19:12:55 +0000 2016
712028824800595969,1,0,Mon Mar 21 21:31:15 +0000 2016
712108175890120706,1,0,Tue Mar 22 02:46:34 +0000 2016
712072369259413504,1,0,Tue Mar 22 00:24:17 +0000 2016
712287401591361536,8,7,Tue Mar 22 14:38:44 +0000 2016
711994735842361344,4,1,Mon Mar 21 19:15:47 +0000 2016
712027167513686016,1,0,Mon Mar 21 21:24:40 +0000 2016
712073269499658240,2,3,Tue Mar 22 00:27:51 +0000 2016
712032322577702912,1,0,Mon Mar 21 21:45:09 +0000 2016
711994151940726784,2,1,Mon Mar 21 19:13:28 +0000 2016
711995051526651904,1,0,Mon Mar 21 19:17:03 +0000 2016
712070360284340224,0,0,Tue Mar 22 00:16:18 +0000 2016
712003126417563649,0,0,Mon Mar 21 19:49:08 +0000 2016
712023961446457345,1,1,Mon Mar 21 21:11:55 +0000 2016
711995118257987584,1,0,Mon Mar 21 19:17:19 +0000 2016
712309023790354432,3,2,Tue Mar 22 16:04:39 +0000 2016
712025030343790593,1,1,Mon Mar 21 21:16:10 +0000 2016
712079618665152512,6,3,Tue Mar 22 00:53:05 +0000 2016
712057755864080384,0,0,Mon Mar 21 23:26:13 +0000 2016
712061401796247553,1,0,Mon Mar 21 23:40:42 +0000 2016
712023734995910656,3,1,Mon Mar 21 21:11:01 +0000 2016
712219028643774465,2,0,Tue Mar 22 10:07:03 +0000 2016
712022593918734337,0,0,Mon Mar 21 21:06:29 +0000 2016
712030044764446722,1,0,Mon Mar 21 21:36:06 +0000 2016
712070782331949057,0,0,Tue Mar 22 00:17:58 +0000 2016
712077399165284352,2,0,Tue Mar 22 00:44:16 +0000 2016
712024144926257153,0,0,Mon Mar 21 21:12:39 +0000 2016
712075279695351809,2,0,Tue Mar 22 00:35:51 +0000 2016
712309666911399936,0,0,Tue Mar 22 16:07:13 +0000 2016
712078275682521088,2,0,Tue Mar 22 00:47:45 +0000 2016
712026147412807680,1,1,Mon Mar 21 21:20:37 +0000 2016
712071411498508288,1,1,Tue Mar 22 00:20:28 +0000 2016
712035101866135553,6,3,Mon Mar 21 21:56:11 +0000 2016
712025747821428736,1,0,Mon Mar 21 21:19:01 +0000 2016
712308937865842688,0,5,Tue Mar 22 16:04:19 +0000 2016
712035627894710273,1,0,Mon Mar 21 21:58:17 +0000 2016
711993342972678144,3,1,Mon Mar 21 19:10:15 +0000 2016
712025660856729600,0,1,Mon Mar 21 21:18:41 +0000 2016
712029269094891520,0,0,Mon Mar 21 21:33:01 +0000 2016
712309054517878784,3,1,Tue Mar 22 16:04:47 +0000 2016
712034584712630273,20,4,Mon Mar 21 21:54:08 +0000 2016
712035761659445249,2,0,Mon Mar 21 21:58:49 +0000 2016
712054919751028736,1,0,Mon Mar 21 23:14:56 +0000 2016
712015122827350016,0,0,Mon Mar 21 20:36:48 +0000 2016
712223736641019905,1,0,Tue Mar 22 10:25:45 +0000 2016
711994091563692032,1,0,Mon Mar 21 19:13:14 +0000 2016
712026949162434560,1,0,Mon Mar 21 21:23:48 +0000 2016
711993767956353024,0,0,Mon Mar 21 19:11:57 +0000 2016
712040625756098560,0,0,Mon Mar 21 22:18:08 +0000 2016
711994374368862209,2,1,Mon Mar 21 19:14:21 +0000 2016
712024476058316800,0,1,Mon Mar 21 21:13:58 +0000 2016
712070121338998788,0,1,Tue Mar 22 00:15:21 +0000 2016
712007700440227840,0,0,Mon Mar 21 20:07:18 +0000 2016
712308665173147648,0,0,Tue Mar 22 16:03:14 +0000 2016
711994167111495680,0,0,Mon Mar 21 19:13:32 +0000 2016
712027190892716033,0,0,Mon Mar 21 21:24:45 +0000 2016
712222457411837952,0,0,Tue Mar 22 10:20:40 +0000 2016
712028536396259328,7,1,Mon Mar 21 21:30:06 +0000 2016
712032155543719941,12,8,Mon Mar 21 21:44:29 +0000 2016
712047184557031424,0,1,Mon Mar 21 22:44:12 +0000 2016
712015683610017792,1,0,Mon Mar 21 20:39:02 +0000 2016
712311849010614272,3,0,Tue Mar 22 16:15:53 +0000 2016
712353237819478016,2,4,Tue Mar 22 19:00:21 +0000 2016
712413750171545600,4,1,Tue Mar 22 23:00:48 +0000 2016
712342750864117761,1,0,Tue Mar 22 18:18:41 +0000 2016
712411669306200064,1,0,Tue Mar 22 22:52:32 +0000 2016
712320903397253120,0,0,Tue Mar 22 16:51:52 +0000 2016
712311312974348288,1,1,Tue Mar 22 16:13:45 +0000 2016
712313344590385152,4,1,Tue Mar 22 16:21:50 +0000 2016
712313535276011521,5,3,Tue Mar 22 16:22:35 +0000 2016
712326266527952896,3,0,Tue Mar 22 17:13:10 +0000 2016
712323559259963393,2,2,Tue Mar 22 17:02:25 +0000 2016
712316365315543041,1,0,Tue Mar 22 16:33:50 +0000 2016
712324997331570688,0,0,Tue Mar 22 17:08:08 +0000 2016
712319750928334851,2,1,Tue Mar 22 16:47:17 +0000 2016
712401616138149888,1,0,Tue Mar 22 22:12:35 +0000 2016
712315268676984833,5,0,Tue Mar 22 16:29:28 +0000 2016
712314609693106178,0,0,Tue Mar 22 16:26:51 +0000 2016
712310930512580608,3,2,Tue Mar 22 16:12:14 +0000 2016
712373046074474496,6,2,Tue Mar 22 20:19:04 +0000 2016
712316039082549248,7,1,Tue Mar 22 16:32:32 +0000 2016
712321798751150080,2,0,Tue Mar 22 16:55:25 +0000 2016
712312748386811905,0,0,Tue Mar 22 16:19:28 +0000 2016
712316458764636160,2,0,Tue Mar 22 16:34:12 +0000 2016
712322108408209408,2,2,Tue Mar 22 16:56:39 +0000 2016
712330103728971776,3,4,Tue Mar 22 17:28:25 +0000 2016
712320187823837184,0,1,Tue Mar 22 16:49:01 +0000 2016
712310326142722048,1,1,Tue Mar 22 16:09:50 +0000 2016
712392579220770816,0,0,Tue Mar 22 21:36:41 +0000 2016
712321231203110912,9,2,Tue Mar 22 16:53:10 +0000 2016
712351306707369984,1,1,Tue Mar 22 18:52:41 +0000 2016
712310546167504896,2,1,Tue Mar 22 16:10:42 +0000 2016
712339812720611328,3,1,Tue Mar 22 18:07:00 +0000 2016
712313152034111488,0,0,Tue Mar 22 16:21:04 +0000 2016
712402037816754176,1,0,Tue Mar 22 22:14:16 +0000 2016
712310337811275776,0,0,Tue Mar 22 16:09:53 +0000 2016
712316593070407680,6,3,Tue Mar 22 16:34:44 +0000 2016
712317858361905152,0,0,Tue Mar 22 16:39:46 +0000 2016
712338595244335104,10,2,Tue Mar 22 18:02:10 +0000 2016
712313567970590721,2,0,Tue Mar 22 16:22:43 +0000 2016
712318537449115648,3,4,Tue Mar 22 16:42:28 +0000 2016
712319864719822848,11,1,Tue Mar 22 16:47:44 +0000 2016
712415797964984320,0,0,Tue Mar 22 23:08:56 +0000 2016
712322069887717376,2,0,Tue Mar 22 16:56:30 +0000 2016
712321291575906304,1,0,Tue Mar 22 16:53:24 +0000 2016
712323831508013056,7,1,Tue Mar 22 17:03:30 +0000 2016
712315154633859072,1,1,Tue Mar 22 16:29:01 +0000 2016
712413196062076929,6,0,Tue Mar 22 22:58:36 +0000 2016
712311050943639552,1,1,Tue Mar 22 16:12:43 +0000 2016
712389846094848000,7,1,Tue Mar 22 21:25:49 +0000 2016
712312772642545664,1,1,Tue Mar 22 16:19:33 +0000 2016
712341714996842497,0,0,Tue Mar 22 18:14:34 +0000 2016
712315374474125314,3,0,Tue Mar 22 16:29:54 +0000 2016
712316704643100672,6,3,Tue Mar 22 16:35:11 +0000 2016
712321110327439360,3,1,Tue Mar 22 16:52:41 +0000 2016
712310524608794624,0,0,Tue Mar 22 16:10:37 +0000 2016
712313558395006976,0,2,Tue Mar 22 16:22:41 +0000 2016
712313625189294080,3,6,Tue Mar 22 16:22:57 +0000 2016
712310910757396480,4,0,Tue Mar 22 16:12:09 +0000 2016
712312495034118144,0,0,Tue Mar 22 16:18:27 +0000 2016
712310602610290690,0,0,Tue Mar 22 16:10:56 +0000 2016
712312768062312448,1,0,Tue Mar 22 16:19:32 +0000 2016
712340049291911168,4,0,Tue Mar 22 18:07:57 +0000 2016
712318958783758336,3,1,Tue Mar 22 16:44:08 +0000 2016
712322075524866048,0,0,Tue Mar 22 16:56:31 +0000 2016
712399365038432256,6,0,Tue Mar 22 22:03:39 +0000 2016
712316606940975105,0,0,Tue Mar 22 16:34:47 +0000 2016
712411847601758208,3,0,Tue Mar 22 22:53:15 +0000 2016
712318121160212480,0,0,Tue Mar 22 16:40:48 +0000 2016
712390041159356417,2,0,Tue Mar 22 21:26:36 +0000 2016
712318101560242176,0,0,Tue Mar 22 16:40:44 +0000 2016
712313501012746240,1,1,Tue Mar 22 16:22:27 +0000 2016
712388605348450306,1,0,Tue Mar 22 21:20:53 +0000 2016
712313745762979841,1,2,Tue Mar 22 16:23:25 +0000 2016
712325169490976768,8,3,Tue Mar 22 17:08:49 +0000 2016
712314299901878272,0,0,Tue Mar 22 16:25:37 +0000 2016
712395879735369729,3,0,Tue Mar 22 21:49:48 +0000 2016
712311488594116611,0,0,Tue Mar 22 16:14:27 +0000 2016
712310642447753217,1,1,Tue Mar 22 16:11:05 +0000 2016
712404390024388609,1,0,Tue Mar 22 22:23:37 +0000 2016
712316469053231105,0,0,Tue Mar 22 16:34:15 +0000 2016
712390183321083904,0,0,Tue Mar 22 21:27:09 +0000 2016
712404886298624000,3,0,Tue Mar 22 22:25:35 +0000 2016
712400298745077760,4,0,Tue Mar 22 22:07:21 +0000 2016
712387778462355456,8,0,Tue Mar 22 21:17:36 +0000 2016
712418815003365376,2,0,Tue Mar 22 23:20:56 +0000 2016
712329774857736193,0,0,Tue Mar 22 17:27:07 +0000 2016
712314242339241984,0,0,Tue Mar 22 16:25:24 +0000 2016
712415472986095616,2,0,Tue Mar 22 23:07:39 +0000 2016
712317964863672320,0,0,Tue Mar 22 16:40:11 +0000 2016
712333803608367105,0,0,Tue Mar 22 17:43:07 +0000 2016
712418927708471297,12,2,Tue Mar 22 23:21:23 +0000 2016
712323909270392832,0,1,Tue Mar 22 17:03:48 +0000 2016
712312479573934080,1,1,Tue Mar 22 16:18:23 +0000 2016
712411316346953728,1,0,Tue Mar 22 22:51:08 +0000 2016
712319807215894528,3,0,Tue Mar 22 16:47:30 +0000 2016
712325016046608388,1,0,Tue Mar 22 17:08:12 +0000 2016
712311344922361856,0,1,Tue Mar 22 16:13:53 +0000 2016
712496736845955072,2,1,Wed Mar 23 04:30:34 +0000 2016
712505363854073857,2,0,Wed Mar 23 05:04:51 +0000 2016
712672313125109760,1,1,Wed Mar 23 16:08:14 +0000 2016
712673048529219584,3,2,Wed Mar 23 16:11:10 +0000 2016
712677950680748034,4,1,Wed Mar 23 16:30:39 +0000 2016
712679212314808324,0,1,Wed Mar 23 16:35:39 +0000 2016
712674142571499520,7,2,Wed Mar 23 16:15:31 +0000 2016
712425370671144960,1,0,Tue Mar 22 23:46:59 +0000 2016
712676235936010241,1,0,Wed Mar 23 16:23:50 +0000 2016
712681527897796609,2,1,Wed Mar 23 16:44:51 +0000 2016
712672193683927040,4,0,Wed Mar 23 16:07:46 +0000 2016
712674663982235648,0,1,Wed Mar 23 16:17:35 +0000 2016
712663305668534272,0,0,Wed Mar 23 15:32:27 +0000 2016
712649260014153730,0,0,Wed Mar 23 14:36:38 +0000 2016
712672174113329152,1,1,Wed Mar 23 16:07:41 +0000 2016
712676967019982849,2,0,Wed Mar 23 16:26:44 +0000 2016
712676631572140033,1,0,Wed Mar 23 16:25:24 +0000 2016
712673407213547520,3,0,Wed Mar 23 16:12:35 +0000 2016
712469349269811200,1,0,Wed Mar 23 02:41:44 +0000 2016
712668318495191040,4,0,Wed Mar 23 15:52:22 +0000 2016
712677188638617600,1,4,Wed Mar 23 16:27:37 +0000 2016
712674123189608448,1,2,Wed Mar 23 16:15:26 +0000 2016
712677950395523072,1,0,Wed Mar 23 16:30:38 +0000 2016
712497757777321984,4,0,Wed Mar 23 04:34:37 +0000 2016
712444620836188160,1,0,Wed Mar 23 01:03:28 +0000 2016
712445314041393152,0,0,Wed Mar 23 01:06:14 +0000 2016
712438830154932225,0,0,Wed Mar 23 00:40:28 +0000 2016
712496317851938816,3,1,Wed Mar 23 04:28:54 +0000 2016
712675859061059584,1,0,Wed Mar 23 16:22:20 +0000 2016
712674625411424256,0,1,Wed Mar 23 16:17:26 +0000 2016
712673320370503680,2,0,Wed Mar 23 16:12:15 +0000 2016
712673812148408321,6,8,Wed Mar 23 16:14:12 +0000 2016
712671627549380612,1,2,Wed Mar 23 16:05:31 +0000 2016
712481974678528000,4,0,Wed Mar 23 03:31:54 +0000 2016
712419097623941120,4,1,Tue Mar 22 23:22:03 +0000 2016
712674198980657152,9,1,Wed Mar 23 16:15:44 +0000 2016
712677984310730753,4,1,Wed Mar 23 16:30:47 +0000 2016
712679378749001729,2,2,Wed Mar 23 16:36:19 +0000 2016
712673940477378560,1,2,Wed Mar 23 16:14:42 +0000 2016
712681530800275456,2,0,Wed Mar 23 16:44:52 +0000 2016
712641224591544320,0,0,Wed Mar 23 14:04:42 +0000 2016
712641078797533186,0,0,Wed Mar 23 14:04:08 +0000 2016
712677270742118400,2,0,Wed Mar 23 16:27:56 +0000 2016
712636933088931840,2,0,Wed Mar 23 13:47:39 +0000 2016
712678688911790080,2,0,Wed Mar 23 16:33:35 +0000 2016
712496328333365248,2,0,Wed Mar 23 04:28:56 +0000 2016
712673117710077952,4,0,Wed Mar 23 16:11:26 +0000 2016
712670866455207936,4,7,Wed Mar 23 16:02:30 +0000 2016
712669500479410176,0,0,Wed Mar 23 15:57:04 +0000 2016
712442387448991746,5,0,Wed Mar 23 00:54:36 +0000 2016
712442318570131456,0,0,Wed Mar 23 00:54:19 +0000 2016
712676970828419072,0,0,Wed Mar 23 16:26:45 +0000 2016
712419978079657984,1,1,Tue Mar 22 23:25:33 +0000 2016
712671957901123586,2,1,Wed Mar 23 16:06:50 +0000 2016
712508066990784513,3,0,Wed Mar 23 05:15:35 +0000 2016
712671547572428800,0,0,Wed Mar 23 16:05:12 +0000 2016
712437819394797568,2,4,Wed Mar 23 00:36:27 +0000 2016
712676342299373568,0,1,Wed Mar 23 16:24:15 +0000 2016
712444010598543361,1,0,Wed Mar 23 01:01:03 +0000 2016
712673280948178944,4,4,Wed Mar 23 16:12:05 +0000 2016
712423689501802496,2,0,Tue Mar 22 23:40:18 +0000 2016
712672395014766593,0,1,Wed Mar 23 16:08:34 +0000 2016
712673214346821633,6,1,Wed Mar 23 16:11:49 +0000 2016
712529770198802433,3,0,Wed Mar 23 06:41:50 +0000 2016
712662442602590208,0,0,Wed Mar 23 15:29:01 +0000 2016
712673380776828928,1,0,Wed Mar 23 16:12:29 +0000 2016
712449316632207360,0,0,Wed Mar 23 01:22:08 +0000 2016
712678102078390272,0,2,Wed Mar 23 16:31:15 +0000 2016
712675144334839808,0,1,Wed Mar 23 16:19:29 +0000 2016
712453620126515200,1,0,Wed Mar 23 01:39:14 +0000 2016
712440957149405185,1,0,Wed Mar 23 00:48:55 +0000 2016
712678669748056065,4,1,Wed Mar 23 16:33:30 +0000 2016
712439380065918976,0,0,Wed Mar 23 00:42:39 +0000 2016
712679534835798017,1,0,Wed Mar 23 16:36:56 +0000 2016
712419383532892160,7,1,Tue Mar 22 23:23:11 +0000 2016
712673521244053505,1,1,Wed Mar 23 16:13:02 +0000 2016
712443691038736384,6,2,Wed Mar 23 00:59:47 +0000 2016
712607027785252864,7,5,Wed Mar 23 11:48:49 +0000 2016
712680051985092608,2,0,Wed Mar 23 16:39:00 +0000 2016
712441560193835008,2,0,Wed Mar 23 00:51:19 +0000 2016
712501987737112576,28,0,Wed Mar 23 04:51:26 +0000 2016
712478958042779649,0,0,Wed Mar 23 03:19:55 +0000 2016
712439976495939584,0,0,Wed Mar 23 00:45:01 +0000 2016
712673722822295553,2,0,Wed Mar 23 16:13:51 +0000 2016
712668887230189568,1,0,Wed Mar 23 15:54:38 +0000 2016
712442797509324800,1,0,Wed Mar 23 00:56:14 +0000 2016
712664653055135744,10,1,Wed Mar 23 15:37:48 +0000 2016
712440035346292736,5,2,Wed Mar 23 00:45:15 +0000 2016
712673239252602880,4,4,Wed Mar 23 16:11:55 +0000 2016
712480176144121856,77,65,Wed Mar 23 03:24:45 +0000 2016
712439145449152512,2,0,Wed Mar 23 00:41:43 +0000 2016
712681007254614016,7,1,Wed Mar 23 16:42:47 +0000 2016
712677540482002944,0,1,Wed Mar 23 16:29:01 +0000 2016
712500612265476098,1,2,Wed Mar 23 04:45:58 +0000 2016
712419795086344192,0,1,Tue Mar 22 23:24:49 +0000 2016
712675193647292416,2,1,Wed Mar 23 16:19:41 +0000 2016
712441440756891648,2,0,Wed Mar 23 00:50:50 +0000 2016
712713362388295680,1,2,Wed Mar 23 18:51:21 +0000 2016
712682379526033408,0,1,Wed Mar 23 16:48:14 +0000 2016
712708582777626624,0,0,Wed Mar 23 18:32:22 +0000 2016
712701245882957825,1,0,Wed Mar 23 18:03:13 +0000 2016
712701714462220288,1,1,Wed Mar 23 18:05:04 +0000 2016
712703486840836096,1,0,Wed Mar 23 18:12:07 +0000 2016
712706268960428033,2,0,Wed Mar 23 18:23:10 +0000 2016
712712532222324736,0,0,Wed Mar 23 18:48:03 +0000 2016
712705664104071168,2,0,Wed Mar 23 18:20:46 +0000 2016
712712637709045760,21,14,Wed Mar 23 18:48:29 +0000 2016
712688949324451841,4,3,Wed Mar 23 17:14:21 +0000 2016
712681871595819009,10,2,Wed Mar 23 16:46:13 +0000 2016
712683262296985601,4,4,Wed Mar 23 16:51:45 +0000 2016
712706211422932993,0,0,Wed Mar 23 18:22:56 +0000 2016
712682533725425664,3,0,Wed Mar 23 16:48:51 +0000 2016
712688293754744833,7,3,Wed Mar 23 17:11:44 +0000 2016
712686408473796608,1,0,Wed Mar 23 17:04:15 +0000 2016
712704184684941312,3,0,Wed Mar 23 18:14:53 +0000 2016
712689324794314752,2,0,Wed Mar 23 17:15:50 +0000 2016
712686756999471108,11,1,Wed Mar 23 17:05:38 +0000 2016
712706292226220036,0,0,Wed Mar 23 18:23:16 +0000 2016
712701194867609600,6,0,Wed Mar 23 18:03:00 +0000 2016
712685256931848193,7,2,Wed Mar 23 16:59:40 +0000 2016
712686675869044736,6,3,Wed Mar 23 17:05:19 +0000 2016
712705150339588096,2,0,Wed Mar 23 18:18:43 +0000 2016
712685016963092480,0,0,Wed Mar 23 16:58:43 +0000 2016
712706785526689792,5,1,Wed Mar 23 18:25:13 +0000 2016
712702770353086464,1,0,Wed Mar 23 18:09:16 +0000 2016
712709255749509121,1,1,Wed Mar 23 18:35:02 +0000 2016
712711748944404480,2,0,Wed Mar 23 18:44:57 +0000 2016
712688808056135680,3,1,Wed Mar 23 17:13:47 +0000 2016
712702067266093057,1,1,Wed Mar 23 18:06:28 +0000 2016
712683357029597184,0,0,Wed Mar 23 16:52:07 +0000 2016
712703334088515584,1,1,Wed Mar 23 18:11:30 +0000 2016
712708265067417600,4,0,Wed Mar 23 18:31:06 +0000 2016
712704502193717249,0,0,Wed Mar 23 18:16:09 +0000 2016
712712823252525057,1,0,Wed Mar 23 18:49:13 +0000 2016
712685395469688832,1,1,Wed Mar 23 17:00:13 +0000 2016
712683343670697984,0,0,Wed Mar 23 16:52:04 +0000 2016
712699741621002240,1,0,Wed Mar 23 17:57:14 +0000 2016
712690284304334849,2,1,Wed Mar 23 17:19:39 +0000 2016
712708562716241920,4,2,Wed Mar 23 18:32:17 +0000 2016
712701452003598337,3,1,Wed Mar 23 18:04:02 +0000 2016
712713129294036993,2,2,Wed Mar 23 18:50:26 +0000 2016
712712427855425536,13,3,Wed Mar 23 18:47:39 +0000 2016
712682353554882561,3,0,Wed Mar 23 16:48:08 +0000 2016
712701829075697666,4,2,Wed Mar 23 18:05:32 +0000 2016
712701295258238976,3,1,Wed Mar 23 18:03:24 +0000 2016
712683246845165568,1,0,Wed Mar 23 16:51:41 +0000 2016
712686981109518336,2,0,Wed Mar 23 17:06:32 +0000 2016
712713049262522368,7,5,Wed Mar 23 18:50:07 +0000 2016
712688448163807232,2,1,Wed Mar 23 17:12:21 +0000 2016
712709603734073344,15,10,Wed Mar 23 18:36:25 +0000 2016
712702543780913154,0,0,Wed Mar 23 18:08:22 +0000 2016
712686931440590848,7,4,Wed Mar 23 17:06:20 +0000 2016
712713299561873408,0,0,Wed Mar 23 18:51:06 +0000 2016
712683063080169472,2,1,Wed Mar 23 16:50:57 +0000 2016
712702335160422400,5,7,Wed Mar 23 18:07:32 +0000 2016
712709726488776704,0,0,Wed Mar 23 18:36:54 +0000 2016
712704983808888832,0,1,Wed Mar 23 18:18:04 +0000 2016
712706684389429249,7,0,Wed Mar 23 18:24:49 +0000 2016
712703622396583937,3,2,Wed Mar 23 18:12:39 +0000 2016
712713240518664193,2,0,Wed Mar 23 18:50:52 +0000 2016
712684481530830848,2,0,Wed Mar 23 16:56:36 +0000 2016
712712366484422656,1,0,Wed Mar 23 18:47:24 +0000 2016
712710183449853952,5,2,Wed Mar 23 18:38:43 +0000 2016
712690834647306240,5,2,Wed Mar 23 17:21:50 +0000 2016
712690481633710080,3,0,Wed Mar 23 17:20:26 +0000 2016
712682609608826881,1,1,Wed Mar 23 16:49:09 +0000 2016
712682529820532737,1,0,Wed Mar 23 16:48:50 +0000 2016
712687610666192896,1,0,Wed Mar 23 17:09:02 +0000 2016
712686914344620032,4,4,Wed Mar 23 17:06:16 +0000 2016
712682599697612801,4,1,Wed Mar 23 16:49:07 +0000 2016
712688670373847041,0,0,Wed Mar 23 17:13:14 +0000 2016
712686113861738497,1,0,Wed Mar 23 17:03:05 +0000 2016
712681608155832320,3,0,Wed Mar 23 16:45:11 +0000 2016
712707352282013696,1,0,Wed Mar 23 18:27:28 +0000 2016
712706448237539328,0,0,Wed Mar 23 18:23:53 +0000 2016
712690716137291776,1,2,Wed Mar 23 17:21:22 +0000 2016
712687667226357760,2,1,Wed Mar 23 17:09:15 +0000 2016
712687754878935040,2,3,Wed Mar 23 17:09:36 +0000 2016
712697903832240128,3,1,Wed Mar 23 17:49:56 +0000 2016
712682797463306240,0,0,Wed Mar 23 16:49:54 +0000 2016
712698062418763776,1,0,Wed Mar 23 17:50:34 +0000 2016
712689993194426368,2,1,Wed Mar 23 17:18:30 +0000 2016
712683442761142274,0,0,Wed Mar 23 16:52:28 +0000 2016
712700983814402048,5,1,Wed Mar 23 18:02:10 +0000 2016
712688159251779584,2,1,Wed Mar 23 17:11:12 +0000 2016
712689681956114433,3,1,Wed Mar 23 17:17:15 +0000 2016
712687215118127104,31,13,Wed Mar 23 17:07:27 +0000 2016
712683809410396160,9,4,Wed Mar 23 16:53:55 +0000 2016
712712000967565312,1,0,Wed Mar 23 18:45:57 +0000 2016
712713297955389441,0,0,Wed Mar 23 18:51:06 +0000 2016
712690950452031488,15,7,Wed Mar 23 17:22:18 +0000 2016
712706636511457280,5,4,Wed Mar 23 18:24:38 +0000 2016
712690119958921216,2,0,Wed Mar 23 17:19:00 +0000 2016
713043622673780736,1,0,Thu Mar 24 16:43:42 +0000 2016
712713412560588800,0,0,Wed Mar 23 18:51:33 +0000 2016
712723493062725632,2,0,Wed Mar 23 19:31:37 +0000 2016
712719762313228288,0,0,Wed Mar 23 19:16:47 +0000 2016
712751493804199936,0,0,Wed Mar 23 21:22:53 +0000 2016
712718089192734720,3,0,Wed Mar 23 19:10:08 +0000 2016
712714980458520579,0,1,Wed Mar 23 18:57:47 +0000 2016
712721002870910976,4,2,Wed Mar 23 19:21:43 +0000 2016
712799481540911104,0,0,Thu Mar 24 00:33:34 +0000 2016
712716181258375170,0,0,Wed Mar 23 19:02:33 +0000 2016
712720715795922945,7,10,Wed Mar 23 19:20:35 +0000 2016
712797257918078977,1,0,Thu Mar 24 00:24:44 +0000 2016
712807910049316864,3,0,Thu Mar 24 01:07:03 +0000 2016
712777337343967233,1,0,Wed Mar 23 23:05:34 +0000 2016
712719506548744192,0,0,Wed Mar 23 19:15:46 +0000 2016
712715354477174784,1,4,Wed Mar 23 18:59:16 +0000 2016
712724347429883904,1,0,Wed Mar 23 19:35:00 +0000 2016
712714939568230400,0,0,Wed Mar 23 18:57:37 +0000 2016
712720406826778624,3,0,Wed Mar 23 19:19:21 +0000 2016
712722699756253184,9,0,Wed Mar 23 19:28:28 +0000 2016
712713669465878528,0,1,Wed Mar 23 18:52:35 +0000 2016
712761116074508288,1,0,Wed Mar 23 22:01:07 +0000 2016
713037763835076609,1,0,Thu Mar 24 16:20:25 +0000 2016
713036197761658881,2,0,Thu Mar 24 16:14:11 +0000 2016
712723580530786304,2,2,Wed Mar 23 19:31:58 +0000 2016
713037458917621760,1,0,Thu Mar 24 16:19:12 +0000 2016
712795223441604612,7,2,Thu Mar 24 00:16:39 +0000 2016
712713764244578304,1,1,Wed Mar 23 18:52:57 +0000 2016
712719970812100608,1,1,Wed Mar 23 19:17:37 +0000 2016
712719693652492290,2,2,Wed Mar 23 19:16:31 +0000 2016
712719762397069312,2,0,Wed Mar 23 19:16:47 +0000 2016
712793316165685248,1,1,Thu Mar 24 00:09:04 +0000 2016
712774531820040192,8,1,Wed Mar 23 22:54:25 +0000 2016
712792233359986688,0,0,Thu Mar 24 00:04:46 +0000 2016
712765568760152064,0,0,Wed Mar 23 22:18:48 +0000 2016
712723963021893632,6,8,Wed Mar 23 19:33:29 +0000 2016
713044870101774336,2,0,Thu Mar 24 16:48:39 +0000 2016
712719328232144896,1,1,Wed Mar 23 19:15:04 +0000 2016
713035545312559104,0,0,Thu Mar 24 16:11:36 +0000 2016
712717914055380997,5,4,Wed Mar 23 19:09:27 +0000 2016
713032360103657474,1,0,Thu Mar 24 15:58:56 +0000 2016
713036507125129216,0,0,Thu Mar 24 16:15:25 +0000 2016
712717167192461312,3,1,Wed Mar 23 19:06:28 +0000 2016
712762083104858113,29,11,Wed Mar 23 22:04:57 +0000 2016
712720534409076736,5,2,Wed Mar 23 19:19:51 +0000 2016
712722404116729856,1,0,Wed Mar 23 19:27:17 +0000 2016
712718331745153024,1,1,Wed Mar 23 19:11:06 +0000 2016
712714472444440576,1,0,Wed Mar 23 18:55:46 +0000 2016
712762148020092928,1,0,Wed Mar 23 22:05:13 +0000 2016
712723234446159873,1,0,Wed Mar 23 19:30:35 +0000 2016
713007257135423488,5,1,Thu Mar 24 14:19:11 +0000 2016
712859791123722241,4,0,Thu Mar 24 04:33:13 +0000 2016
712724284691447808,3,2,Wed Mar 23 19:34:45 +0000 2016
712725886475362305,2,1,Wed Mar 23 19:41:07 +0000 2016
712838664703750144,5,0,Thu Mar 24 03:09:16 +0000 2016
712721697238032384,3,0,Wed Mar 23 19:24:29 +0000 2016
712723535588757505,6,1,Wed Mar 23 19:31:47 +0000 2016
712720314656903168,4,1,Wed Mar 23 19:18:59 +0000 2016
712762650887761920,0,0,Wed Mar 23 22:07:13 +0000 2016
712957941217890305,0,0,Thu Mar 24 11:03:13 +0000 2016
712722194342608897,5,0,Wed Mar 23 19:26:27 +0000 2016
712717337166655488,1,0,Wed Mar 23 19:07:09 +0000 2016
712714315451670529,4,0,Wed Mar 23 18:55:09 +0000 2016
712716044024942592,1,0,Wed Mar 23 19:02:01 +0000 2016
712776784622694400,1,0,Wed Mar 23 23:03:22 +0000 2016
712832787242352640,2,0,Thu Mar 24 02:45:54 +0000 2016
712714557374861312,0,0,Wed Mar 23 18:56:06 +0000 2016
712720896880934912,1,0,Wed Mar 23 19:21:18 +0000 2016
712721444602384385,0,0,Wed Mar 23 19:23:28 +0000 2016
712807012871061504,3,1,Thu Mar 24 01:03:29 +0000 2016
712785967480868864,3,0,Wed Mar 23 23:39:52 +0000 2016
712810419769839616,1,0,Thu Mar 24 01:17:02 +0000 2016
712805767867305985,1,1,Thu Mar 24 00:58:33 +0000 2016
712745231205019649,0,0,Wed Mar 23 20:57:59 +0000 2016
712720258457440256,7,1,Wed Mar 23 19:18:45 +0000 2016
712839155386949634,0,0,Thu Mar 24 03:11:13 +0000 2016
712720948936318977,14,4,Wed Mar 23 19:21:30 +0000 2016
713038416439476225,8,1,Thu Mar 24 16:23:00 +0000 2016
712773722742984704,2,1,Wed Mar 23 22:51:12 +0000 2016
712906843144609792,0,0,Thu Mar 24 07:40:11 +0000 2016
712724516212879360,3,0,Wed Mar 23 19:35:41 +0000 2016
712799008016568320,16,10,Thu Mar 24 00:31:41 +0000 2016
712721913840152577,7,0,Wed Mar 23 19:25:20 +0000 2016
712717247035219968,10,1,Wed Mar 23 19:06:47 +0000 2016
712717903724843008,3,0,Wed Mar 23 19:09:24 +0000 2016
712808863221751808,1,0,Thu Mar 24 01:10:50 +0000 2016
712714144726650880,25,12,Wed Mar 23 18:54:28 +0000 2016
712766660021596160,1,0,Wed Mar 23 22:23:08 +0000 2016
713035253766467585,1,0,Thu Mar 24 16:10:26 +0000 2016
712715751577100288,3,1,Wed Mar 23 19:00:51 +0000 2016
712784115779502080,0,0,Wed Mar 23 23:32:30 +0000 2016
712769058853093376,2,0,Wed Mar 23 22:32:40 +0000 2016
712719638254059520,2,0,Wed Mar 23 19:16:18 +0000 2016
712720847773929473,0,0,Wed Mar 23 19:21:06 +0000 2016
712714240109318144,12,12,Wed Mar 23 18:54:51 +0000 2016
712864740167573505,6,2,Thu Mar 24 04:52:53 +0000 2016
713406318929780736,1,1,Fri Mar 25 16:44:55 +0000 2016
713170689763586049,2,2,Fri Mar 25 01:08:37 +0000 2016
713209330829426689,2,1,Fri Mar 25 03:42:09 +0000 2016
713062616374112258,0,0,Thu Mar 24 17:59:10 +0000 2016
713400188216283136,3,0,Fri Mar 25 16:20:33 +0000 2016
713396846979190784,0,1,Fri Mar 25 16:07:17 +0000 2016
713162880485490688,1,3,Fri Mar 25 00:37:35 +0000 2016
713408708936540161,7,1,Fri Mar 25 16:54:25 +0000 2016
713401758580510720,0,1,Fri Mar 25 16:26:48 +0000 2016
713170905292124160,2,1,Fri Mar 25 01:09:28 +0000 2016
713249359714918400,1,0,Fri Mar 25 06:21:13 +0000 2016
713403528065060864,0,0,Fri Mar 25 16:33:50 +0000 2016
713177732276994048,0,0,Fri Mar 25 01:36:36 +0000 2016
713205665557184513,4,1,Fri Mar 25 03:27:36 +0000 2016
713399176822792193,2,0,Fri Mar 25 16:16:32 +0000 2016
713046242306068480,3,1,Thu Mar 24 16:54:06 +0000 2016
713405801142951936,0,0,Fri Mar 25 16:42:52 +0000 2016
713162143638552576,0,0,Fri Mar 25 00:34:39 +0000 2016
713403454643810304,0,0,Fri Mar 25 16:33:32 +0000 2016
713204424349327360,4,0,Fri Mar 25 03:22:40 +0000 2016
713203708759150592,8,2,Fri Mar 25 03:19:49 +0000 2016
713057238915481601,1,0,Thu Mar 24 17:37:48 +0000 2016
713055508257636352,5,0,Thu Mar 24 17:30:55 +0000 2016
713399361544138752,0,0,Fri Mar 25 16:17:16 +0000 2016
713050867742732292,2,0,Thu Mar 24 17:12:29 +0000 2016
713405145166393344,1,2,Fri Mar 25 16:40:15 +0000 2016
713164373699596289,1,1,Fri Mar 25 00:43:31 +0000 2016
713396194953682944,0,0,Fri Mar 25 16:04:41 +0000 2016
713163997864800256,1,1,Fri Mar 25 00:42:01 +0000 2016
713118558549479424,8,0,Thu Mar 24 21:41:28 +0000 2016
713408899202723840,0,0,Fri Mar 25 16:55:10 +0000 2016
713170138523041792,1,0,Fri Mar 25 01:06:25 +0000 2016
713220097960058880,3,0,Fri Mar 25 04:24:56 +0000 2016
713397115813126144,0,0,Fri Mar 25 16:08:21 +0000 2016
713400982076391425,0,0,Fri Mar 25 16:23:43 +0000 2016
713159689937104896,3,0,Fri Mar 25 00:24:54 +0000 2016
713162817587642368,1,0,Fri Mar 25 00:37:20 +0000 2016
713204217079402496,19,1,Fri Mar 25 03:21:50 +0000 2016
713203450973175808,0,0,Fri Mar 25 03:18:48 +0000 2016
713047368615079936,4,1,Thu Mar 24 16:58:35 +0000 2016
713159543115493376,2,0,Fri Mar 25 00:24:19 +0000 2016
713205302355603456,10,1,Fri Mar 25 03:26:09 +0000 2016
713179892381126656,4,1,Fri Mar 25 01:45:11 +0000 2016
713407942276460544,2,1,Fri Mar 25 16:51:22 +0000 2016
713098680866213888,17,4,Thu Mar 24 20:22:28 +0000 2016
713396645266726912,0,1,Fri Mar 25 16:06:29 +0000 2016
713093464892657664,0,0,Thu Mar 24 20:01:45 +0000 2016
713225152968806402,0,0,Fri Mar 25 04:45:02 +0000 2016
713171145067859969,2,0,Fri Mar 25 01:10:25 +0000 2016
713209583989166081,2,0,Fri Mar 25 03:43:10 +0000 2016
713161852180520960,0,0,Fri Mar 25 00:33:30 +0000 2016
713050930837475328,3,0,Thu Mar 24 17:12:44 +0000 2016
713156666825441280,13,4,Fri Mar 25 00:12:53 +0000 2016
713404964752625664,3,0,Fri Mar 25 16:39:32 +0000 2016
713100543728586752,1,0,Thu Mar 24 20:29:53 +0000 2016
713149525557252097,6,0,Thu Mar 24 23:44:31 +0000 2016
713169685466849281,1,1,Fri Mar 25 01:04:37 +0000 2016
713408185726410753,0,0,Fri Mar 25 16:52:20 +0000 2016
713277171704279041,1,0,Fri Mar 25 08:11:44 +0000 2016
713404469837299712,0,0,Fri Mar 25 16:37:34 +0000 2016
713398758596173824,0,2,Fri Mar 25 16:14:53 +0000 2016
713402411662991362,1,1,Fri Mar 25 16:29:23 +0000 2016
713398179866148864,2,1,Fri Mar 25 16:12:35 +0000 2016
713050352476553217,3,1,Thu Mar 24 17:10:26 +0000 2016
713164440972054528,0,0,Fri Mar 25 00:43:47 +0000 2016
713397332742516736,2,0,Fri Mar 25 16:09:13 +0000 2016
713201443650441217,2,0,Fri Mar 25 03:10:49 +0000 2016
713168436730310657,0,2,Fri Mar 25 00:59:40 +0000 2016
713050834955677696,2,0,Thu Mar 24 17:12:21 +0000 2016
713244526513532928,6,1,Fri Mar 25 06:02:01 +0000 2016
713394520864370688,0,3,Fri Mar 25 15:58:02 +0000 2016
713397831357214720,1,1,Fri Mar 25 16:11:11 +0000 2016
713207688805486592,12,6,Fri Mar 25 03:35:38 +0000 2016
713217423894142977,6,2,Fri Mar 25 04:14:19 +0000 2016
713165019978969089,3,1,Fri Mar 25 00:46:05 +0000 2016
713163870928371715,0,1,Fri Mar 25 00:41:31 +0000 2016
713053617561804801,1,0,Thu Mar 24 17:23:24 +0000 2016
713399766596464640,0,3,Fri Mar 25 16:18:53 +0000 2016
713406743540162560,4,1,Fri Mar 25 16:46:36 +0000 2016
713094658595753985,1,0,Thu Mar 24 20:06:29 +0000 2016
713163370124345344,0,0,Fri Mar 25 00:39:32 +0000 2016
713057843126018048,0,0,Thu Mar 24 17:40:12 +0000 2016
713408255205072900,2,0,Fri Mar 25 16:52:37 +0000 2016
713178482071613440,1,0,Fri Mar 25 01:39:34 +0000 2016
713162416306003969,1,0,Fri Mar 25 00:35:44 +0000 2016
713396366664269825,1,0,Fri Mar 25 16:05:22 +0000 2016
713405277567987712,2,0,Fri Mar 25 16:40:47 +0000 2016
713102337749823488,0,0,Thu Mar 24 20:37:00 +0000 2016
713253470837411841,0,0,Fri Mar 25 06:37:33 +0000 2016
713405209221804032,5,1,Fri Mar 25 16:40:30 +0000 2016
713397970004127744,1,0,Fri Mar 25 16:11:44 +0000 2016
713398249386684416,3,1,Fri Mar 25 16:12:51 +0000 2016
713090957441261568,3,0,Thu Mar 24 19:51:47 +0000 2016
713172809514528768,0,0,Fri Mar 25 01:17:02 +0000 2016
713406993331920896,3,1,Fri Mar 25 16:47:36 +0000 2016
713045048703647744,1,0,Thu Mar 24 16:49:22 +0000 2016
713203718280196096,4,1,Fri Mar 25 03:19:51 +0000 2016
713441490522021888,3,1,Fri Mar 25 19:04:41 +0000 2016
713440284626055168,2,1,Fri Mar 25 18:59:53 +0000 2016
713492404603498496,0,1,Fri Mar 25 22:26:59 +0000 2016
713429131120119808,1,1,Fri Mar 25 18:15:34 +0000 2016
713437222712651776,2,0,Fri Mar 25 18:47:43 +0000 2016
713433391169871874,0,0,Fri Mar 25 18:32:30 +0000 2016
713447556726980608,1,2,Fri Mar 25 19:28:47 +0000 2016
713439778880905218,2,0,Fri Mar 25 18:57:53 +0000 2016
713426764274348032,0,0,Fri Mar 25 18:06:10 +0000 2016
713420313015357444,1,1,Fri Mar 25 17:40:31 +0000 2016
713436993087123456,2,0,Fri Mar 25 18:46:48 +0000 2016
713421103331315713,0,0,Fri Mar 25 17:43:40 +0000 2016
713550330584240128,5,0,Sat Mar 26 02:17:10 +0000 2016
713409303965622273,0,0,Fri Mar 25 16:56:47 +0000 2016
713461927133978626,4,5,Fri Mar 25 20:25:53 +0000 2016
713518558945251328,2,0,Sat Mar 26 00:10:55 +0000 2016
713446680100601856,22,8,Fri Mar 25 19:25:18 +0000 2016
713437290622619649,4,0,Fri Mar 25 18:47:59 +0000 2016
713433933040340993,5,1,Fri Mar 25 18:34:39 +0000 2016
713434169943007232,2,0,Fri Mar 25 18:35:35 +0000 2016
713421165729951744,1,2,Fri Mar 25 17:43:55 +0000 2016
713438940812812289,1,0,Fri Mar 25 18:54:33 +0000 2016
713418635658661889,1,1,Fri Mar 25 17:33:52 +0000 2016
713486587498258433,2,1,Fri Mar 25 22:03:53 +0000 2016
713440285007589376,2,0,Fri Mar 25 18:59:53 +0000 2016
713433719474753536,0,1,Fri Mar 25 18:33:48 +0000 2016
713432956975452160,1,0,Fri Mar 25 18:30:46 +0000 2016
713516756648628224,3,1,Sat Mar 26 00:03:45 +0000 2016
713434928164175873,2,0,Fri Mar 25 18:38:36 +0000 2016
713440334026387457,5,1,Fri Mar 25 19:00:05 +0000 2016
713418176726323200,1,0,Fri Mar 25 17:32:02 +0000 2016
713444881499181056,0,0,Fri Mar 25 19:18:09 +0000 2016
713415471500931072,0,1,Fri Mar 25 17:21:17 +0000 2016
713421361016737792,3,2,Fri Mar 25 17:44:41 +0000 2016
713431347453243392,5,0,Fri Mar 25 18:24:22 +0000 2016
713415139437875200,1,1,Fri Mar 25 17:19:58 +0000 2016
713410964880695297,0,0,Fri Mar 25 17:03:23 +0000 2016
713529626031628289,4,0,Sat Mar 26 00:54:54 +0000 2016
713418863707205632,0,0,Fri Mar 25 17:34:46 +0000 2016
713543349785874432,1,0,Sat Mar 26 01:49:26 +0000 2016
713414961616134144,0,0,Fri Mar 25 17:19:16 +0000 2016
713440157291053057,2,0,Fri Mar 25 18:59:23 +0000 2016
713440270205857792,4,3,Fri Mar 25 18:59:50 +0000 2016
713539168253534208,3,0,Sat Mar 26 01:32:49 +0000 2016
713431487341666307,2,1,Fri Mar 25 18:24:56 +0000 2016
713419948601663488,2,0,Fri Mar 25 17:39:05 +0000 2016
713528143831642112,2,0,Sat Mar 26 00:49:00 +0000 2016
713409730408898560,0,0,Fri Mar 25 16:58:28 +0000 2016
713515306463797249,0,0,Fri Mar 25 23:58:00 +0000 2016
713421484102844416,1,1,Fri Mar 25 17:45:11 +0000 2016
713494674648903681,9,3,Fri Mar 25 22:36:01 +0000 2016
713441799042371584,1,0,Fri Mar 25 19:05:54 +0000 2016
713413985505153024,5,2,Fri Mar 25 17:15:23 +0000 2016
713534719372038144,3,0,Sat Mar 26 01:15:08 +0000 2016
713474536587460609,2,0,Fri Mar 25 21:15:59 +0000 2016
713528526159228928,3,0,Sat Mar 26 00:50:32 +0000 2016
713411238848552962,2,0,Fri Mar 25 17:04:28 +0000 2016
713538395247513600,12,6,Sat Mar 26 01:29:44 +0000 2016
713468615023063041,1,0,Fri Mar 25 20:52:28 +0000 2016
713548472020914176,8,0,Sat Mar 26 02:09:47 +0000 2016
713435112449249280,6,5,Fri Mar 25 18:39:20 +0000 2016
713413294736805889,1,0,Fri Mar 25 17:12:38 +0000 2016
713429796378660866,0,0,Fri Mar 25 18:18:12 +0000 2016
713409101347295232,5,0,Fri Mar 25 16:55:58 +0000 2016
713434089122975745,0,0,Fri Mar 25 18:35:16 +0000 2016
713436676152950784,1,0,Fri Mar 25 18:45:33 +0000 2016
713441592225488896,0,0,Fri Mar 25 19:05:05 +0000 2016
713440609445347328,3,0,Fri Mar 25 19:01:11 +0000 2016
713418573289422848,0,1,Fri Mar 25 17:33:37 +0000 2016
713420917670424576,2,4,Fri Mar 25 17:42:56 +0000 2016
713438476532736001,4,1,Fri Mar 25 18:52:42 +0000 2016
713448412104904704,0,0,Fri Mar 25 19:32:11 +0000 2016
713441470548541440,5,0,Fri Mar 25 19:04:36 +0000 2016
713429301639536640,9,11,Fri Mar 25 18:16:15 +0000 2016
713438815252123648,4,0,Fri Mar 25 18:54:03 +0000 2016
713433355233005568,6,0,Fri Mar 25 18:32:21 +0000 2016
713420698291548160,2,2,Fri Mar 25 17:42:03 +0000 2016
713465570293784576,11,1,Fri Mar 25 20:40:22 +0000 2016
713440881005559808,2,0,Fri Mar 25 19:02:15 +0000 2016
713409830879268865,2,2,Fri Mar 25 16:58:52 +0000 2016
713541194421129217,6,0,Sat Mar 26 01:40:52 +0000 2016
713492936697118724,43,24,Fri Mar 25 22:29:06 +0000 2016
713464346832035840,2,0,Fri Mar 25 20:35:30 +0000 2016
713472536630046720,6,1,Fri Mar 25 21:08:03 +0000 2016
713429469705297921,5,5,Fri Mar 25 18:16:55 +0000 2016
713420952864829440,1,0,Fri Mar 25 17:43:04 +0000 2016
713433693570727937,6,4,Fri Mar 25 18:33:42 +0000 2016
713416981362257921,0,1,Fri Mar 25 17:27:17 +0000 2016
713497817604558848,1,0,Fri Mar 25 22:48:30 +0000 2016
713410122500820993,3,1,Fri Mar 25 17:00:02 +0000 2016
713435726243737601,2,0,Fri Mar 25 18:41:46 +0000 2016
713440579737096192,1,0,Fri Mar 25 19:01:03 +0000 2016
713481315912290304,4,0,Fri Mar 25 21:42:56 +0000 2016
713422814276100096,0,0,Fri Mar 25 17:50:28 +0000 2016
713431268017381376,1,0,Fri Mar 25 18:24:03 +0000 2016
713443360841674752,2,0,Fri Mar 25 19:12:07 +0000 2016
713459317110910980,6,0,Fri Mar 25 20:15:31 +0000 2016
713584130605211650,9,0,Sat Mar 26 04:31:29 +0000 2016
714032480521699328,4,0,Sun Mar 27 10:13:04 +0000 2016
713652099439939585,13,1,Sat Mar 26 09:01:34 +0000 2016
714300534182834177,1,0,Mon Mar 28 03:58:13 +0000 2016
713589958041206784,5,0,Sat Mar 26 04:54:38 +0000 2016
713901171237212160,3,0,Sun Mar 27 01:31:17 +0000 2016
714333835832328192,11,7,Mon Mar 28 06:10:32 +0000 2016
713609943081848832,2,1,Sat Mar 26 06:14:03 +0000 2016
713825566902919169,0,1,Sat Mar 26 20:30:52 +0000 2016
713774436176908288,4,0,Sat Mar 26 17:07:41 +0000 2016
713774831074807808,2,0,Sat Mar 26 17:09:15 +0000 2016
714031790810402816,2,1,Sun Mar 27 10:10:19 +0000 2016
714247030571335680,1,0,Mon Mar 28 00:25:36 +0000 2016
713744052433215488,7,0,Sat Mar 26 15:06:57 +0000 2016
713650404156788736,4,0,Sat Mar 26 08:54:49 +0000 2016
713755658450051072,1,0,Sat Mar 26 15:53:04 +0000 2016
714194692464779264,7,3,Sun Mar 27 20:57:38 +0000 2016
714155444709629953,0,0,Sun Mar 27 18:21:41 +0000 2016
714221427419774977,8,1,Sun Mar 27 22:43:52 +0000 2016
714601799739654144,0,0,Mon Mar 28 23:55:20 +0000 2016
713631851626102784,5,0,Sat Mar 26 07:41:06 +0000 2016
713850523154124800,5,0,Sat Mar 26 22:10:02 +0000 2016
714030995599663104,3,0,Sun Mar 27 10:07:10 +0000 2016
714192488769019904,19,18,Sun Mar 27 20:48:53 +0000 2016
